CREATE DATABASE  IF NOT EXISTS `kiwidb` /*!40100 DEFAULT CHARACTER SET utf8mb4 COLLATE utf8mb4_general_ci */;
USE `kiwidb`;
-- MySQL dump 10.13  Distrib 8.0.34, for Win64 (x86_64)
--
-- Host: 127.0.0.1    Database: kiwidb
-- ------------------------------------------------------
-- Server version	5.5.5-10.4.28-MariaDB

/*!40101 SET @OLD_CHARACTER_SET_CLIENT=@@CHARACTER_SET_CLIENT */;
/*!40101 SET @OLD_CHARACTER_SET_RESULTS=@@CHARACTER_SET_RESULTS */;
/*!40101 SET @OLD_COLLATION_CONNECTION=@@COLLATION_CONNECTION */;
/*!50503 SET NAMES utf8 */;
/*!40103 SET @OLD_TIME_ZONE=@@TIME_ZONE */;
/*!40103 SET TIME_ZONE='+00:00' */;
/*!40014 SET @OLD_UNIQUE_CHECKS=@@UNIQUE_CHECKS, UNIQUE_CHECKS=0 */;
/*!40014 SET @OLD_FOREIGN_KEY_CHECKS=@@FOREIGN_KEY_CHECKS, FOREIGN_KEY_CHECKS=0 */;
/*!40101 SET @OLD_SQL_MODE=@@SQL_MODE, SQL_MODE='NO_AUTO_VALUE_ON_ZERO' */;
/*!40111 SET @OLD_SQL_NOTES=@@SQL_NOTES, SQL_NOTES=0 */;

--
-- Table structure for table `category`
--

DROP TABLE IF EXISTS `category`;
/*!40101 SET @saved_cs_client     = @@character_set_client */;
/*!50503 SET character_set_client = utf8mb4 */;
CREATE TABLE `category` (
  `id` bigint(20) NOT NULL AUTO_INCREMENT,
  `enable` bit(1) NOT NULL,
  `name` varchar(255) DEFAULT NULL,
  PRIMARY KEY (`id`)
) ENGINE=InnoDB AUTO_INCREMENT=4 DEFAULT CHARSET=utf8mb4 COLLATE=utf8mb4_general_ci;
/*!40101 SET character_set_client = @saved_cs_client */;

--
-- Dumping data for table `category`
--

LOCK TABLES `category` WRITE;
/*!40000 ALTER TABLE `category` DISABLE KEYS */;
INSERT INTO `category` VALUES (2,_binary '','Hoa quả đông lạnh'),(3,_binary '','Hoa quả quảng châu');
/*!40000 ALTER TABLE `category` ENABLE KEYS */;
UNLOCK TABLES;

--
-- Table structure for table `image`
--

DROP TABLE IF EXISTS `image`;
/*!40101 SET @saved_cs_client     = @@character_set_client */;
/*!50503 SET character_set_client = utf8mb4 */;
CREATE TABLE `image` (
  `id` bigint(20) NOT NULL AUTO_INCREMENT,
  `data` longblob DEFAULT NULL,
  `name` varchar(255) DEFAULT NULL,
  `size` bigint(20) NOT NULL,
  `type` varchar(255) DEFAULT NULL,
  `uploaded_by` bigint(20) DEFAULT NULL,
  PRIMARY KEY (`id`),
  KEY `FK6q9lwl1j82nmm8n75cxcuxc1p` (`uploaded_by`),
  CONSTRAINT `FK6q9lwl1j82nmm8n75cxcuxc1p` FOREIGN KEY (`uploaded_by`) REFERENCES `user` (`id`)
) ENGINE=InnoDB AUTO_INCREMENT=2 DEFAULT CHARSET=utf8mb4 COLLATE=utf8mb4_general_ci;
/*!40101 SET character_set_client = @saved_cs_client */;

--
-- Dumping data for table `image`
--

LOCK TABLES `image` WRITE;
/*!40000 ALTER TABLE `image` DISABLE KEYS */;
INSERT INTO `image` VALUES (1,_binary '\\\0JFIF\0\0H\0H\0\0\0;CREATOR: gd-jpeg v1.0 (using IJG JPEG v80), quality = 82\n\\0C\0				\r\r\n\Z!\'\"#%%%),($+!$%$\\0C				$$$$$$$$$$$$$$$$$$$$$$$$$$$$$$$$$$$$$$$$$$$$$$$$$$$\0L\"\0\\0\0\0\0\0\0\0\0\0\0\0	\n\\0\0\0\0}\0!1AQa\"q2#BR\$3br	\n\Z%&\'()*456789:CDEFGHIJSTUVWXYZcdefghijstuvwxyz\\\\\\\\\\\\\\\\\\\\\\\\\\\\\\0\0\0\0\0\0\0\0	\n\\0\0\0w\0!1AQaq\"2B	#3Rbr\\n$4\%\Z&\'()*56789:CDEFGHIJSTUVWXYZcdefghijstuvwxyz\\\\\\\\\\\\\\\\\\\\\\\\\\\\\0\0\0?\0\rjzv\\Q|2p\%q\t\\\66\r\\*X[\na*xu\k\(\W\<;m\0湍kX\5|ç\\01k/i\\5c\\<xBOM#I\\>[͙|}y5a>\5\\Gp+\\$\"Qj]Ԁ~||\7xMj#ַlh\6\\\"]\Ǟآ\\\QG*G\W\0y6\[?=R\+~\\\}\0 ǵX\n\\b\\\8U\\r+h#,j?\nI@#\\0U5x\7m\p¡۩\,EisP!\jTF\\\\\'X-\KݫҴHcRǧ\eԒ\O$ս\nG\\3P\&θ\ᶵ,},(ǖ\mj\'\"]\O\"\)$cNK\8VM]pEg\.vTT@\oZrN7-KxX\\'+\\u,\++M.x\*\dTwqB2k6XH܌W;T\fr%̛cd\p!OR\S\S\2&UV\\e8\O4ِK̡3ɬ\.sMes]oR{\ح\ُ\Ufh\\j?iS\$z9*@\+MQr*IZ\ur=I\c\ohD+e\nۧ\]\+\z\A],\S!C9\\\\n]!K\!:x\>*\4H/\E,02p{׉ߖͩl{I[H>l\{\x\Rs1\Kcֲ4\aNHVԛpy1aްm\Y\ʧ*j\r\UǌtD-Uÿi\\3jZ[i$8{\\>\Ңo\\q\5ׅrn\n\x,|/\ek\o4\Z\9ɨd-&{\nnvF7z.΂>Jn݆\aB\ܫ]Jd\nm$6\\\\\{3>`{\KW\\L\կhV\+y \7\\0\j\BI\Zn\G:\nhݽ\J\9#Es\\g`\iBg~[H\$\?}q򓚱u\']ʹm\j/B \\\& RI&^B\)y&|pNI\\\1\\bA55Hal5Aw(2sڥcޱ=iA]ԕ\K\ZY\\X/4\j+\nk5k|ꭙ8̵2\U\2&հ\\TH\Z\Ү`	%B\ U\5dpp*?J2Iȧ<Wci|\y}\Fx1p\r4Ϗ\ei\t=-.f\Y\PA⊫=\\J𭞓\ZFj\\Q \IuN+:mJ_Ê\bf\ZiT\\10Uf\Z9c54\\\-mO@4倪\떱Aך]\\HEb\^]\Ic\\\\5\'\'\\g)ǽf\\[xrkʤ{ֱjX\r\Mc<dȧFK^c\.<p_!	Ku#1\\C\N\\\\\\\\~\wsi\jkZ\MWZ0\0[7c\ZrU8-[\|;w:\G\\\=t\eH\`R\H\B4?g\0\Q41\;i\\\\tc58RQɾmKbK\ҫSsj\\Sw#;LH&K&I|\q\k>\ldgEh\cm\\\\,k\Z\\h܍Kys+[j\\%u,ǥdM\\m\SHͻZ_)N*cITV9\'.\\U\!犳HCV[ɓ\\\\r\j$\\ωX=mnfS\\nM\F`K&/}\0*~\n?oJ0]7t6\`*X\<S1&\+%\'o\2k\\-tȄ6V\ \:K~]\u{%-di:Qkc\|\QjZ\ߒGA9q]\'<5k*M\J!9\\';Sd\\0QUiSV<:\0\o-eU6 R&CJ;ol惶Yx?J\n\\wReWH0QA\rr\ékԓ\#Ý(9\'u\ gEg\7*Zƾ~\\\Æ?\W/vf.\~;\V\0ڗ>QEzfN\ǥConF\n1R\JccHm#n\\(vAVc\nSQȥX\\wcG1\#\n*Fy4\0\SQ\K3\\"k\Fq\\.\e\',My\0Ci4\\m\d\\\\sj\GJCɌ\W+zD4p;\n\k\oF2\7x\Eee\y{3.\@d*:Vṃ8M󻩬˩2x\O\rO:{9\\\G3\:\r˃\X\ɥHd\gȡɎI\Z\@\!5\\Ӝt+\\\D\zڂ9698JTMR\4\.3^\)\&Ot^,\ڜU\u)C\ڻ/\[\+M\ |*\0LOҵv\\4Վ/V´>ؗ\A,\ujHyu1,	ao\\\>\Ȥ*j\_qZ9צ\\"\)SNݜ\E\\@|ފ\\|bP\\8\y\"ck\4KrQf\\1\\\\sɩK؜\t\%HSk\6|\"1SVCƥ\ZL\rtpZH8ۋ-Ԗ`+\\6M\ďI=\>M%B\\\\\p\ZΗ\Ai\ΘR\\T\\\zqTUu=M\X\Z\,\\ЃkS\\\ܡ\[I\\ne\%Ubpj;\\T\-\<:J{3>.R\YkSrڦ\9$ .+1!s_C	4\lWU\n*5\"\_\r\\VQks\RTAP;\>\\0\+۷S\\%b4}*)W<)WWN\\YyG#=*	\2I\8D2g\0\Ջ\nǖc#cXN]fʷ̤X1-\h\\\\\)\f\#9©$ן({\j\#{\\n}/\ڙu\mj\nI=oG<D\\rp\\;1ª}\0F\\\H\X\3\:+kñ\ݓ\N>Uz/\\\<\}X\@P0\QSq\5Zcsң%h#\pNI8]I8Ԓ\0\=MQ\驰lc\c-\v\`\\N\˵rT\e\\fIک;\Kc&b)\	\\\q\\\ڤ\Pm\\cքI\\"2\Z~yމnz2z\ZսUO_\@6ySYϹqgxc\~#\DGt\{Q[	\0k\\\4\\\ehCq}\<%\|[\XY\\}G\WJz2͒=\2\q\0`1\wp)\\1֙;5$\\\:Tdp\\\\?_6Yq#jS^\$2\;\E\zڍ\05}\C\ة5Mϙ\K3\n\[\J)\\E\\bZ?^\oq+M\,ovs<6խr҆#0ˌQSz:\X\bM7\\MB\\^	@\})b\i3\xNz\Fn1QI!\XMD\(`yS>\\\9W;zV243uKvҪ\+\\rsTkʎy\vd8rԡc%N\\\<-\n$3]Վ8X\+ңS\ ;m8R5-|\3eWҵ-4ݸ\j孂@(\N\mQN;\%w\6ņ\\[k6\"T\\[\n3Vm@`Ն=k5J2ܩ\Q\|\tW=[\\؄=뢿F+\{(\m\\+7EUmA\ĺVWg)\<gUwYc%E\q</CeB\\v\qA,q^v\RsW-.jAoeHǂGAY9=\19|2\\o+\-y^_\rw\Z\@u	\;Ev_\P $z\D0j硅\\J7u<%mf9m\5n5\\\\nN=i\\\VTsx\Z\icӊ r+&XI\{\KF\/[\\\1\P\\>fP\ק+W[	,\"xSP\r\\j3\;$ѕi!\Y\n3Ԅ=M(\\JfB\ǌ\nF,f\64\0H\GI\W|nl`\SҺ)?f5AA\ܲ+c\SI\\$FO_z馮}%=p@ʤt\5nF\{\0U)\f3\4\ɯ1\Sֲڜ*$3ɨbӯ?\Eu%8f]\;P\0\0I+U1}\"s6ᮘ84[`6B	$In\cw0	\\0KkUn \\Imn!]\\_jv\ʥ^GGFYN\QZV\H\$tnr<O\U\\n3\Y\|\sKnyǭVגOZQ\\8S\9EjHO.\0\0j,Ojh\'\0ڦ\zo8<\0J嘐\r>GP\${\i˶=t_`\\\jspH9$S#d U+\88\V\ЖQ|X:\f\+bth\\r\9\ajE8\\rޡ\gJ\.\\W\i|-\xv.#\+\L=G\*\\5+6L|O,\0tC+/ \5V\Cy5\|(\'\wҧl\d3z\0x]\bc4\b>z\-\\6\Y\KvQ\](8\S%e|\g\\\Ӭ_\5\FUcڤf\;TRJ1ך\\\͐2;@*\H\0G98\Und!SZ*铫!(]pѡ\\\oe\nOu\\ē\ P\El)!c\\Z[\-ep\ór+\\rCHcXq^,I\0\+I0\u>.$m\n\#,\`\\<\-%q\Jz׍kr^#)*vz\\?JS,ۏ5\\\\ɮ+@guU\\^\1P\Wf:\X-\#1\G]\B+\-$ Wm\\KTִtZ\X\0\n\0Snk\\\\"hV&,\g\^ȿU\j\\ʰ\Xd\3H\tkr\)-]\W\JLfO8&\\0*\\˱Tj\6\.=h\\/b*k\\-*SH}3>{\<{\\Y-\ֽ\,|?nb\\t\Z.m[$QF;VB+U\\{R4`\0\0e$v+jeɪ\\G=\\+:A,c .0\Up60Roc9A\"Ѷ	aY7Rn\2[\9\Y7*{\\-\&\q\\'\քAB\{W\m\/02F\\UzӋZ[Go*+\o5kp\OA\5|J7\r\]b\G\"nV\Z%i!Q\\pu-7K6n8%ԥ\ۚ\v\05}Fk\þh#СY\]Ϛ\"2\IW5b\\\}kn\\+U¨ϭ*W6zB/&B\0/cj\"+SlgQ\݁ٰ:C? U\}\s3K0A\$\\>Ԣ\\_K27\&\_z\ \Yn\!3{S\\=\!O9\k6͘\?)\5YR\'W/#m\\\S1V+\Ys;3\\9x-ΖBFqT\I\\\8ȨYx=\n\F\0)=J\)\d⬬\KC<T`Uv\\(,:tnWs.Oj\\x1\\\~S`#\WJ|dbH΢(0W=\Z&\%ӱr\\'<V\`T=T\\۸ddVHmdrk;RX\\}zUa1U\q\j;dl3Ym\ew/F\]\n\~2>2+޼%W\v۟\\\~S\n\~8{T\V+6\R\^\8#$rK6UE\؛iItWR\A\Sl&\H\rҨ\̣\\5&\(OBI\P	\$J\\nHrH u¸\\0.y3*?\Z|9u\2+\S\Z`z\_\\MmLN9Z\{\,\9\+t4]\\\Z^>v#u^\\\\\Zeݲ\7Y4ޔ)-\\Q:\5\\\[\b,\\\Q2\"*J\\\Q\nMoflԁ`\WV5Y;).u|1 KJNM)\lW/+T\\WV\nO,V\Gt\rא=*\\W<W^s\\TlZ[\8\*oC(\\V$Lsϻ\׃\jSGN\sI߾Wە\;b_\FW}\P+ޑ\\R\ZȮ#\V\u\<m\Nњ`SMpI%\,GdRrvp\6VA\f\\qڔ[9e6 \E\S\\q\Z\+DnQ\$ W+Z \ru[P\\\\\\wME+Xs!p\H#+_H,\H\ȆEe\!V#GJ\\vf\)Med#ku\6׷\̛\"\\\\\\^j\R\#wZ\;x\DTzW]98#.wG\nD6\9lcޡbs-HoߥF\\Nn\ (\g:*\ ojR\Z5̟1\\c\\Pr\\[x\5\\k-d8\\a\0Q\Iק\\4;\\\\ZG>n91\\H\\\{\\b#,d\S\5m\\\nÜ\x\\"\j$B\\LJ\u5z\Żֳ\>a,\mE\e&؊*\n\\9ƞU\	n@vb.=s޳\kp *rN~\͑\~`p6p0G c\\\\tf\F@\$\\N\s\K;j\=+JYV\rتO@l˺S$q\q[\ϹG sԻA\0:ɸ=I\\rӞ՛hh\a!\0\n[ \;NI\2MCh\\\?	o\\سuG\\naN}ki~m|F#\'\Ca&Hi\Ud\nI=UK\\ڈ8\D	\%\0\dp9sj\\~\Z\Fpjb%ۥPiˆ\P=\%`rkd\Z%E	8\\\II+\\\vFsߥ+=\WZH*C})wڐMiMw)1(2;UYH\z\+qКH\T\bh\kOEܥ)!p\re\'\ޔ\esԴ+.\\j3\\0Wjf\\"Elv5\XFA&m\\z\jN\\豷-1Si\\J3\Q4H$\0J*\0#Yi\TY\GfH\\Sn.n\k,pe`\9J\s>fk\".NS~AV\j9e\dVΝ\'cm(;@\{Eg\)Dب\c\)Hk|\\Z^A\\S%|.HbJn\R\rfM8*\\'+Ywޠr*d&\&\n\&nQr\N5E$l\ҰO<*\y\L@kJY$݀xB\r9W\e&rs\\`\5\x\'Y]F2 SF{ޛ\_>˰E~\\+(VP*\0\n\siji)\'-Io4\n`R\ ri	\'\"\Ƴ~BFzss(\9\$+\Ҧ\a%b\'\_\0sW^B\\*;kaq(,2r}ϥsԋ\\Z,\\Zy\;tw\H0O\'\0T\J\\+\nO\\(\zB\`\\\\Ҧpǿ&1p3ryoAUIo,\\Q1\&2\s\p\jM\XsڠLE\\\\\\~\l\\ zvJ\\3\\ױ[\A&\\[c1ヂXtb<\1L1l\*X\"La.Ns\,V [\\k瓊ϻ2\\4\'p*\\HD\@}g\<e\8\[Ve`\@>a\XO5۱lJ|\]\s\9\;@翥Y.\Q$trBNn	bH[9\N3R\\5ꋚ\V\>ǭYLId\0c\ɘz\\.\W\U\3\\L\\mΰIڍy5\M3),n<\\'P\nH,*\Dj&\Z,\wsy\!E\\~a֣A19o@nk\y\[S\p\Zv\rM3\3T\\$\\`T\C\\+cAe\/8\"\\\<U#\I<\qO \rmI݅Z]\v\GzBÐ\\it\\\j{fQ4\\M\n[]\\\i=+\\ܶ\<\\\\\'gC>&\K(\\%a\\bl\\37\'\S\J\\ƨ\[j)#y\\`W.(\z\T\v<יR\L\jQ\\ؕsUwq+ mحTYF\ڽJx\Xʵ$%3\~Ui1\(4\QO\RsPV\̬21\RrW\)f\(I\n\\We\	5vY\\KڨJ[%GCM\\Ds\z2lr5y6\\\V\U1\\ZL\dկQ\0?1ty[\Z\Wi|vP*(k2\-vP,1(\nYsGAޘ[C܎)%`#0\s\2`I⥈$8#&1\K1QL7*\Yϲƶ\\޶`CQש>\B̸\xZ\\F*in\\WQA9$z\\\\H\\nC<M92\OsɥB	$\`\H\\3pB5n8\3\\0\\PFpW;I?*\IN\\y\}yA9n\pONe\8Ȩ\pN]J#\5 iV/N\lrN\9>+ʊ\\'\'\YWW9݃\k9\\;;nQrEU?\HF\\Jf*\[?We8\i\'mEr\rM\P\\0U`;o\\U\\YX\)\\"\0\\r\)8\"s\<ՙyCZ;Q\v) d/n\))>95	\Z!\\8\D\\|ӈ7BYN*\RqYb\+\\0\\0Uq5Q4\\\pi\w#\">ў2A\OI<1 q6\\UKpv\\8f\0\h\N\t\\K#\c\>R)\\\S\|\ZCl7V<F{UAۥ=\\5Q]a\\'9\rx\$g֝=@O3\w\V2N\g\\\0j\\CոVvq$\r^^C]ͦˎ3X\\\ч,\\F\I\Mu\ZF\09s\Ҽ\Q(\n\@I\\-\]X\{\=Dj񝦝m;MU\s67vIKURE`{Y\\I\\tn	l+;\\MBGsW\Y\q^*1L\\\X \\͑\\tgdz[G2I.\iI\\T_ihN\85\њ\~\Zݶrcd\nt6j$Sw\n\jDIjTH=Tg	\*\\,95$%\ZZ\Ew!\YKH\"U\րpɮHң1\\\\\u\g`Qn(\z\S:\n\\^(cҰ/b@>F	|\ Vt\g=?Zى\M|~\2\䊛uc\\	=\*£\G4\q\U\\Z؍Y	j\(Fxq8(n1\Gk\'q郚F ;y隍\9a\c,\k⋑\\=)$\٘	<sM2XӉ\0ɤU\\9\ڛ!֢S$FtpW%\\\\\5XԒ3\N\<O@܅v2}Jwab	قy\'\Q\	\&l	T`*:Ē\a\\n-c\ޢ\B1/g(b\_s\ItU#9\=*Ģ#g8z\W,O<4\\>GGҫ\\\λ[?\8\imH\f\O5MݝYX*l5^ᕷ\h\P\\zF `$\P\W\0\'%r\|\j\|\\N\*\\+FH\0Nk6񊢲\Lޥ	\֢$\0\qқ~\NI玔_B\c*\?\\SJ\@k;X\a;g\U\0sBNH\B+8KC\Fu8i\Z	.\j¸΍9=*Ȑ`\f\4\\\\rW`\YHs\3qR\\\\dtN{o)\\\GzS\s4XB}jS\j|ڜOZJ3#\0$дn@*+\\P\|O<0;Z\\\9q\\Y\̅׳*58	\{c\.Hy!C\Z\\hNs\V׃Cʹw\0J\\5ԢL\ZSn7:m+\nWi!\\5\Lm\[]χ\n\rmJ^\\\\'8\HA\jI.<rҹ\\pTWG!	\+yɽP\\6rQXi\r\\'\2>G\rQN\@˫\	~χk\y$\2F\"OzșbǊ\w`Jt\\\pB\-\Z\䊭l^i$VZQ\Z.I3J\2穩YA]5\n\0젞\00#8\\.2+\W\fb\dOji-r1Qc8\P\\9c\0i\o^O\MiT)\\u\IF˵\0$MA$9L\\*cE\$\\CD/s B\x\H#HQFFұx\pF\0TV\lzbCH.Os\3\֞y\S2rN:f\֢ \\0x\\q}\W\J,\ٛpc\~f?.\~=*	wc\K\ZNA-Qq,\G&\I,{Rv\wp>9\MgP\I\oiePN8%\u\=k5\fm	\szΥ\\|\7\\<\n_Ncd|oA\\\ZI7)kx\7*f?6Nڎ\\Ub\\N\=\N\/c\Y\n\\\\ad|\ʄUHو\\0xq\ҫ\<$\^ȤrHe9@s\Z;\"qjpQ|\\R\a\6\d,VuܛJ睽̬OdTZ\B@\Ѹe\|qNc$b\ V\'g	0$\\/H$\pdz\mIj8+\\8\\ڦR\\\\w	\f\\\V ֳbeS\UW5C=U5fR.FOQ\jkj\Z:ҹ\\h\wW\u<u#y\sZ)؆Y2t\\':\\7\0\/kD޵@_o~\8!7<\gk\Z	Yc\e5\\\u\\\b+Q\Ph\\\Z^H*ێ3X\\\\nkF\2I=h:#Z\ǥi\\n0i+2\0X3<Ti\Z4\w0ki\{\\\sƨ\r\_4On\r*YIE>7%\\(wR+Omϐrc\mU\ԛ`\0\5vark\\Fek9a\\\(kCs\\\lq s\AR&0^Cik$P6Xq\3C?ʠ\\\\bHzSe\\0Rn\Mg&0͒J\G.Cgv20*	JvI8֟,|;\0O\MM{\Zc\57\(E!\'Hjh\|;v߻m\cu\799N\0\<U<\lm$\/=O֘Fz\'w*{dSUcq\\nɸ\$_\QB& 1,qQ\rǌ\\\Y,Pr\ޚHڠd\F\\"\H_q׮iI\\9\$\n%g$s\*[ÓҨL嶪\=ObޠW\\?\\օ\d\\\n8ǥdM6Ar\]ZA\\*~l\4\ޭ_6\\v1>_2m\QG\r\+gUR\ZBA\87U^G«\=nREw%qZΑ՘\L\\\HX\p}kɴ\0x9\E\RDwn\:/2\1#=i\]@9ǭR\Bxt4B\q\4n2z\Gg\K\i0b\Wf3(\?ƺ\f\v\.\x\ \U6\#\58z\t\T\XQ*\]y\P\7b\"\n\L\1\0W3S\\fxF7Zɘɖ\9\jU\\\\zUϥ1d\jQ\y\$\3B\\r\k\1Rg}*\\\S\\\\4#2EEi	\4\Ҹ\c\ނ}j2\\"<ƿ6q\-`\l[>2:j\ҽ:K\GG\E\\\ʣZlÙ5`,)J\'L,:$\^.j\!HTka+x0p\N)B+]YC\/+\\ҊŎ\\0O4V\\\\KIz\SZvVPם;ۂܚF\r<(\\6WPJil3Qyn1L\!W3~\l\^`\~5\Q)09A\@\\.\\w\W%2ձ\Q;e\@t֑V!95Uܻ\f\nҸ2Ĳp\$\q\\\v\$@\^f/Ƚ;%\\\\}kk@nK>c3A1\=+[[G\\h\qܶ\0Q@\N\0?wa\<Vm\n\z\l\R88\I5g8\Acr͹aL}\p)۹f\Q\c,z\nd\s\r\\\3	\\7-k\0p\\Gҫ\q\\\W(\\\~tczӋ\'i\O\j\\@PEc&R+\0\j$<dsR\ȭRNO\"\0waL?Jd[ɀf98*rOI\pp	 V\Z\Y2N\N̸0(測Avٹl? )RDs#\\\mbBMD`qNk5;h4x*\=I⪳y$*\Rͫo\;w\"l9\)]dwqYz\'\zUI<\e܅Px\&H+G<\Z,ٓ>Y8\`\=j\v%\rڞQdn\i/.V\ݤr~F7b9\yGh\\\\|\\\\\=\̓ޑ}=\8⻒\\\01\zULC\YE\1Xf\4CU\1$\PC\j\Zqfc&JXDdt\",H\\Օ\}hHɍai\\\i\qsڛZ\"IPq\\r\2G+1`u\!lc\7sڗ#?JV\+]I6c4.\&\\fl\dsW/\[=X\L\׭hz\V$N =Cb)ش\\nZ5Uf\UIqJ\\h&:\n*h\?@-6\2OJ\89\20\ҕ\n	Ku>uHbJFӆI\'T!Ps\Es*=\\E:dnݐ9gA\\GZ<\\\N1#]\NYdڤ	\UgrxRi=@t]޽MWUB\;Gs֠\RA\>C52|\SQa\\\p\\UM\vܙjiZ8\\\=)\+\횺A1펕\\\G\\\\l\-%\r+m\\+\:\0:\FZ\0\d\0\\n\\\s\\4I٨\RA\q\TN;F}>+p6\\0\,˷=q26vm\;;RI\n\\w۩f\0SD62\y\jVnXT/Pz\M\0`\\`zUu,\\9\b\r2Z̰D\ėv\YI\5	u\8\\n\8ٞw\G?\U\.USld$\\n\Q%n.\frN=T8\\\ך%H]\;#z+\\+[\0\rrKr;D\0A\qG$[1\\'ҡ$5e\\z\n{3ێz\n$\3&.\\\;v\'$E(.\\n\jkI\5ļIYv*ܓbVT@==\vl\\S~5\xRݶ\O_a}+f\l\dCQ\kg\\ݲk:\F\\vPw\U:Qsү\ǎMUL\ڴ_V3d6Xq1}G35\&e&IcAV#N8ć#ҧT\\CB0lxPzҦX)\$\zb\*,܉cg5\\\^\\\Jw\B٧1\#i?1\8\';r)\\I#E$Bcf\˱\MiKr*t\\\\US\b$pr9.\\izNM\ֽzpaޜ$E!v\W\\\nD`\z\n\\\VP\\\݀wǆa\-Z\9\\V[\/\=&\X\\Y+K$]\p;\n*9c\\\{+)\Aǎq֢-\\\둙y\5\\M\AC\G3\ܧ\'U)%e \\5M٘\UGbVgm\\So,\*\0=\\\.uSHLw\%裭g,+\0I\)\\\`\«\\\\!\Y\V!;)\;zSf\(\Y\\Cv[q`{z\6&O5ô\\pJM#e\9\7̛Ij\\\8,@55݄zfi->1\׽^UI\'ޢBrF;SP9\t$/,\n\aKV۞xu}q\Zp\^=+&ʸ\8\|\0֪\\\\П\6K,cqU$\*\r6ONFp[a(\6?2X\⤜\01\C\ϵ6iHh\'?C)\=EXʾpl׽Pv\Ǡ\Yf&7\οUT݌\08\Qr!1r\3z\n˹4f00KV*(%G$\\ZùFf<ǥBzt\\l\0:͝\e$-jqab4W%\\Z\rBp*ub[\,\;\)$n5hw\j\\_	A\\L;VU\\\r\֪)REc\v\"P\y==ip=MC<cdj\\\$Ta{SY\t\\njK\\\y\k\}\n+	+#\ڑ\Z!#9v?d \\LnbKOz>\rVV;#+(\NO\P].\md\Dз\\}j	i\\Tf\̤\0\H\:U\b\\'M\G^h\`\\8\\T\UpA=\rH:\hd\\G#\\n3pbGJC\zRz\0\\EFGLO\\})ZiY\0\t\$\\0O\\zІF\:wri\\(\;I\nsҸ?\\tO\vWB3^kܛ9\\n\\B\Z7\E9G^\qhh\<\\\n3¡\4\;$\WK\hA\\J\/3CIP\'MvZe4Y8^*;`\kیp8\cRW\\;F\oI]Î(\Y\nq\wUO5-\u̂$!\'=arH\E\\FOOW.\\F\\;\\T\f\\\w\N4\70*?K2*\\ҫYd\ïL\k&#w\\\nw$=ʄ\\\m\0۽V\L\¨\vI,3\ɮz,\td+֡k|B\<\\).U\\0JkA\\\(;ߗ\i\\}\\\\Q\'\kKֽc6b\r\\\N\C\\UGY_\:@F3\ \0d\e\)\0sZJz\\\0qN\HS9<\Z{I\\0?\nkM[$sP@n\RK  8\'\n=\\͐i!\9栝ʩ#?*GX{{\yB\© {\b[.\,n=꼇lh8\\/Z& \Fs\Ry\1n`SV`\@vbA\'\\m\\\\]8ǪW.5>q#2\d\\'ұ+F^8K6g5vq>rI\0\'vL\\\\\\U\'o/&\+:{\WR\2Hoګ@$M6]ӹfljt\\L+KX\\\\r۲[5\j\S:\}#\'4\>X\fv!\\`V#\7\\Z5\\\\?\ZҽNр:\vE$\'N\x\65,\p[&<\;2k+\Mq<v<6I.MF\|\WҮkȉs\F\0\J\ޔ,\Q5\\ZG@*9\j\5n\\\\dbD\)#imcyH\R\܆\\kAm\p0E_1\+R9\ 2\0P1\jtS=G󦟔ќ\ͱ\C@?(\\'H\$\v\g4\%#i\9<\ڤrNOJ3\n\jW\d\ߥWl\T\݇\Q\j\hץ@\Oa\Q\\ j6jNg\\]M*\r5#3\\\;g+\ds$ǩ5\q㩮tuGF\}\$8\\eX!RY>\!i\cE%^\\n,ҮdnOl\Uȋ:T̙w6VH\Sm-Wҵ-;84g99=I\f|*\\\u_\$K\ҠV/!\ן\ܔ\C\V#Ey\~f;Gw(\:VS_ƹ$ =j6\\@Xn }k\\Lĺ΁Z{\\*\5\B\\5Ni%wɪK\חL\0\\Y\j;\\rW\]N\ {3)|w\\'\V%J\\\I\vVW~pS\MuM\)okK\\r%H\NF,w9\0U\\\Hң31l}{VO@	7P7,B\&\O[->\\Qxo\Wa,\'\v^k\\\\\0\]xo\:0A#l\	\\8+)\SD>N=\p0G$p)\ZMާS\ǳ(\'q\v,P\\OZ\;@3ں %\o\0Y\$Sc\n)\\#!	M]\\\gTЈUg%pNTO\8\'\\\AT\y{x\'`i\\gl\nɺ\0Ż\qjW<0ۀ\fr\0$\Rm&I&u\Y&v|=qVlHSv\7`k:@\n\\}:v\B3$	\v!A\\\'&\ȭ\5NiH;zJ)	5\ϕH3\\\\SƙCUw;3ښC.	R}k?y\g\0R\=OjMV!\ߚ\׵O\mo\\>b?\Z!\\\0rRH1gcMtR՚S\ث\\N\)\0\JI\\\Ko\=+N\.p3U\\=\niI\X\Frc\mpp9[U`	mF\@z+b#\=\朊\\\ZD\:#ӏZy{̛\"kG\\##iu\R.0\sT,p3j|\\\Po:=\vSӕ\\LDM\0q\{@\\0\;~\X*c<\\<=k;\r \\U\\\Se 㚁j%jY7!=\ļW5]l<ޔn\)\\\5=˷l\e\`\0ɧ:\[\\\\ ;\\^Q\ڂ:xd۩ӓ\=\mV\/\\"4<5@g\n_#㩉\\g\'7v]\Z\ym\9\YPr\+jTk5Tw\\\\ep9\5UeWn\0Ia,\yU\n(G\ͷ\iFQH\M\\Ȟ\Kݖ=NjjXbBH\ڼCJi\b\!\\ֻ-7\F`L\nL\'X*2;\\#LTR_\\Ұ\S\Uenr\'U#9`lţf[\\WbP/\0w\3p\0$1ݟJ\Q\Vqs\\0֫Զ\\ͳ997\\\\Ldr\\C/\\\>S֤c\Ztw8Hm|\0u	Xv\~\n\n{9\%O\^!\'vx\0WGF\kO<\\=@\+/\κ\#\R؍I\T\01Mn\=EH[\pm\W 03ɥc\v\u)\Q1\0j)*\$ϥ+88\\@,x\\D\yGaUd\r\<¬HJeNj&<R	?\0\$&BH\錓IHX@\F\\\Ur\X\En\c\9|c\+\\E\Io\\J]X.оo$\;sڈ5m@a|I\3͵d\RK\"I\Wh\޵,\\}GNխ\i\3JyR2r\}hy0YOU\#jzfi\D`\\\K\4\\\N0\0\U\sE\\\X۴\\ަT݂\'5\\:jSar!O?tR\\!fEuy%\4֠\\Z\WS\C\%U\v\\rb2MEm\	\",@a6D%\r$\\\@1\je+A\0XJW9>f@=J\0ʤ79\<DZV09\jTQI\sR),7>#\ ng\E`	\'4KD\':\nX\kaW \(#5@A\\PJ\Q1\\\k\'\w\	`FNi\"$OAUIpz8皨\5\\\bJS\x\mI+{T/>SD\q?Nj3֟3\<\waDQIo$ڦ\R\Μx\kW^TM\	I\ף:\G5cPNMzo4HHǥs>\r\\:׫\\\"(\\RQ\\\W[ ظ\;֍`!~Ӳ0\Vad翭pϖ(\[8#U\(<U&rUo\\~Rڸ\'d5\\P\9>\\(榳iW$`NEcץm\'b\"rc+X$M\ZEU(TOBH$^Һ=&b\S\D5k\x\Y\\0s\Tg9=ӌGo\\\\5:|P\r\\\\\X\\s2Cw8U^I5D\z\\Ju+,\\0Ic/5eKZ6\EU|]:]^53ܨ\\׶ƉEGbAkcj7LH<%i\t2;e ?8Q>W&g5\ngE\E4\C\nF%Hb:\\q\H~W^Z4~oO_JW<`d\u\\'\z\yw\Z\0*$3zO78\O0\-\=A \\~n++\"X\dfqÒ;sU\iM\I;\W\G /2\\*\0,VT|\xl;SWI\ghX7yx\\0\r\r;̈\\y\0+*\\[\cv\0;\`cNr+&i0\@¹d\cBk\C?\'\VDf9\W8r\\'Q?B\ڴ.\2ղ\F:pe/N\we$ce\0uܭ*\<³\fl\jy\"&9\'<\\I\An݅sZ޵疶oݎ\{j֜q+k\^\a\n\?\X\jF\]\I+#1IYۡcƨ@2kb\>52e#\0\VƟl\\:sT!\\\KY\0\\\\\rԑz\\N}+R\\\G!T:օKS\Y9&\\\\Q\.b!z\\0z\N@sLs\dɹ^5<\8\An\\d2<\0sJ\I\\JBUn\'\\\n\=I\3(\0uZi>R\\\b!}* )V\1\ң%WҴ@wOS#^V\a?BTB!kFHV#8\i\L\A$N\@NΖ$G#\\VLjRǽf\7f\'\\k\fIv]^ܪ+\\\5\x;HU\\/=z-@\\\x~\lm˂t\*crJ-^IT\s_1^L\\V6M\~f$E)bGj$5s\ \5\Zތr\W<\\hIb@&\+9\iЕIb\0\YQ4\\ٷ\Z%\Ϊ\W\\ҵfC\WT\0\_T\\\E\\\2O\qE>E\'+\vV~\\n-$\CSV&\Znz\BIjGL \Zy\֙htQA$\0:7\g\O+^\\Ñ\aG\+\'\a\rk:_\\Ĭ8c\_V\\Gin¡QF\02g\"\*$(5G@)ڔ^Z{H}Nd/TRG\<j\0-s\	\G	W4.j\BɧA\ґUK\\\?QWQ^\1\Z%4ɷs\ny(>+Q\\YX,q\rל\n\0\}\\ :ɪ;\cw8\{Yd\\GoU]#C:Y:\s7\jaI<j.o.y#`x\XT;\\\\T\\Y`\Zɸw\'hPY\\\j\#B\+\\"\0sY\0Ae\Z5\;q\\{߅dHͽ؜\i_v;EP\\gR+:w\"#J*\r;Vm\\1\0pAϰ\\i\\q~Rg(\T\J>776T\WsD`^MRv,x\h˱\\\?!\rfF\\M\\ޭ5q\G`*m\Qڻ\"V:\VEf\Ti\Z\\2bmEKoº\r9w\VUYGcoI\1\t(9\N	\0t3^|\\ԕ\~\1\m\z$e\n\/\\`m\\0sV\0\M\r\\`Cd\n#`9ZD.\nd\H\0\0汸,\\iC|ۻ-<G\\˻\'i\C+\RPX\9\U\qv\\\W-qTUDv<\ZGA,C1cyg\$~U#cq䌊Wi8\\(h&W\0|֎BjK{MR,6p0hh\&;iIoJ\\QcD1\(&\q\\]\&\\3v\t\wsn\?L̜1\A^\\\Űt8++6\*\ا>\Rۑ݊\YB\zUٴ\}UTd/&\r\\\\Q\\秽\tj`1R<eHP1Ձ(\8⡹\\\\14\n\"+HȊx\\ӕ\r\\&\m5\hVQΪk*X;\f\Jĵcf\B<\\\\GI\:u\V,R9U\>3\\\zՙV\8VgpКHQ\\jp\"]ޔA$=8\2)\h\W\Tg\wPd\UL2,\	SP8V5\\'\	;jE\+/\_-\	p2\XKf\nN\0~x\6#R\:Q)XεNX\z߅;oi0Z[\\"#zS\0`f	k	\\\"bqT\%Nz՛\FIxsB\i}q\p+[\\"t2cH|j\F=-}ؚ9icX`\\:WM\Fi\8)-DFPR}MB[ \Sb2\ U,\<ҶA\\ylzzUi[p\0\*G\	\yϧ5v-\)\\nw@d\r\\".\Tc\֬ݾ\c\޲n\0>)i\FnssJrk9O,\0\n$\*\-T\\y{yT\\'{\1\sۀ1~\Yǟjv\\\az\\+6I6#;Z8XEp\p[\\Zƹ3\֭]L99\Z͸sH*4His׌tr\X})ebs\?ʳ\\E\\\4\z{ֱM\i}~-P\3OG\>I9&r\嘒I\\'5G\2\\iq\*\YXD\V*&Z/U>\h\8=s8\\k\6\\ww\\@+v\\\N\x\\\y\Fye\ny\a8B\d\c\0-\\*\\\r#\B\qO\04w9=`2HǛ֪\y;,>_j#u\UyB\")\[8n$c\b\~\YJ\~Tdb42FBr3?*#rc\frj\2G\'\Au\"\8NN:\\HFO\r$5\\\i\$\\&mKH\\nJ\W3eU\M]\.\tW?*N\\MΡ\ZkѣX\\\ҼP\^F(\m\'\'V,EK+\p\'<\\\Hsp\#!\NC)\\X	&a\9~uk4\"\\%%J\\zm\y13\Ol\GlXF\\\թ\#m-\a\\\wz>006\r+\\"(ydt\u䴗\n#\0t\"2\"vLћn\\d\\I\G\0:\\(r\p+#^	(T3&I\G\0XӃ}\1n.nL\s\'(,\\\2x\ާA\\n\Ps\Rt\+\:;\	|CIh!9<qF\\8bP\0\y\\Ţ\\$׶(\\\<\\r\'ilzTUkrw5>NԂ\,x\MP\"\95~q\\$\j\\W0f6Pq]?%0y9u\\pv\u\0ۤ[\֧5`֚͹XcF\0<R\^\\\\\\Uٸ \g\jYq\\'9\y\N\X\J\\rx8*\\\\0V]\o.\w\n\&S\e~fozֲn&HV&\,sҭ_\\\H&Kԟ\\L6\9\\Y\\A\V.drA\rN\\VUmZ\\y<\nˌ֨js\0I\:-Jkv+*\U5dR+\J;~,\Ďz\I\\\\Ee\\_Z\\-#rK7$ի^g.\$]VGe8\\\)\nԤSz\n\\hUS\0h\PJ\y:U\'WQ\\\jW6+{\lH{*řWMq\Gl:\\*簮\N3^l\.L.ӑ\F{\\\n8\P\;lI\t\n82{\NOǹ\Bfq1u VVIɩ1Jq\\2^\\\0~yǠ\L\,1p=\yA\<Uy\0\``vR WVa\\E;\\'L\\)\E\S\oIH\nj\\UZ!\W}M\HvK\"lG~F8k^ⵥ\֚dY=MuƤ\J\\rzG¸P\G\\^FݠzR\\qZ\\nTX9_Ahb%S}+>\\\yn\Z^7Z+}Mmi\\B)Ӎ\B[ܤimH\z`\jр\Uuq\+*\\\\Z\Z6bf\n]<Z\\V96F\H\_\`{,\@\Һ0#tf\Zt\+bǠ\\\L3H\\ں\\0s8\0^\\\.\\$\\^6s&\o2\܅z*KrIɢZ\\\\','file',24152,'jpg',NULL);
/*!40000 ALTER TABLE `image` ENABLE KEYS */;
UNLOCK TABLES;

--
-- Table structure for table `order_detail`
--

DROP TABLE IF EXISTS `order_detail`;
/*!40101 SET @saved_cs_client     = @@character_set_client */;
/*!50503 SET character_set_client = utf8mb4 */;
CREATE TABLE `order_detail` (
  `id` bigint(20) NOT NULL AUTO_INCREMENT,
  `name` varchar(255) DEFAULT NULL,
  `price` bigint(20) NOT NULL,
  `quantity` int(11) NOT NULL,
  `sub_total` bigint(20) NOT NULL,
  `order_id` bigint(20) DEFAULT NULL,
  PRIMARY KEY (`id`),
  KEY `FKrws2q0si6oyd6il8gqe2aennc` (`order_id`),
  CONSTRAINT `FKrws2q0si6oyd6il8gqe2aennc` FOREIGN KEY (`order_id`) REFERENCES `orders` (`id`)
) ENGINE=InnoDB AUTO_INCREMENT=3 DEFAULT CHARSET=utf8mb4 COLLATE=utf8mb4_general_ci;
/*!40101 SET character_set_client = @saved_cs_client */;

--
-- Dumping data for table `order_detail`
--

LOCK TABLES `order_detail` WRITE;
/*!40000 ALTER TABLE `order_detail` DISABLE KEYS */;
INSERT INTO `order_detail` VALUES (1,'Xoài tượng',21000,1,21000,1),(2,'Xoài tượng',21000,1,21000,2);
/*!40000 ALTER TABLE `order_detail` ENABLE KEYS */;
UNLOCK TABLES;

--
-- Table structure for table `orders`
--

DROP TABLE IF EXISTS `orders`;
/*!40101 SET @saved_cs_client     = @@character_set_client */;
/*!50503 SET character_set_client = utf8mb4 */;
CREATE TABLE `orders` (
  `id` bigint(20) NOT NULL AUTO_INCREMENT,
  `address` varchar(255) DEFAULT NULL,
  `districts` varchar(255) DEFAULT NULL,
  `email` varchar(255) DEFAULT NULL,
  `firstname` varchar(255) DEFAULT NULL,
  `lastname` varchar(255) DEFAULT NULL,
  `note` varchar(255) DEFAULT NULL,
  `phone` varchar(255) DEFAULT NULL,
  `province` varchar(255) DEFAULT NULL,
  `total_price` bigint(20) NOT NULL,
  `user_id` bigint(20) DEFAULT NULL,
  PRIMARY KEY (`id`),
  KEY `FKel9kyl84ego2otj2accfd8mr7` (`user_id`),
  CONSTRAINT `FKel9kyl84ego2otj2accfd8mr7` FOREIGN KEY (`user_id`) REFERENCES `user` (`id`)
) ENGINE=InnoDB AUTO_INCREMENT=3 DEFAULT CHARSET=utf8mb4 COLLATE=utf8mb4_general_ci;
/*!40101 SET character_set_client = @saved_cs_client */;

--
-- Dumping data for table `orders`
--

LOCK TABLES `orders` WRITE;
/*!40000 ALTER TABLE `orders` DISABLE KEYS */;
INSERT INTO `orders` VALUES (1,'Ha Noi',NULL,'hoang03.it@gmail.com','Hoang','Huy',NULL,'+84916190159',NULL,21000,1),(2,'Ha Noi',NULL,'hoang03.it@gmail.com','Hoang','Huy',NULL,'+84916190159',NULL,21000,1);
/*!40000 ALTER TABLE `orders` ENABLE KEYS */;
UNLOCK TABLES;

--
-- Table structure for table `product`
--

DROP TABLE IF EXISTS `product`;
/*!40101 SET @saved_cs_client     = @@character_set_client */;
/*!50503 SET character_set_client = utf8mb4 */;
CREATE TABLE `product` (
  `id` bigint(20) NOT NULL AUTO_INCREMENT,
  `description` text DEFAULT NULL,
  `name` varchar(255) DEFAULT NULL,
  `price` bigint(20) NOT NULL,
  `quantity` int(11) NOT NULL,
  `category_id` bigint(20) DEFAULT NULL,
  PRIMARY KEY (`id`),
  KEY `FK1mtsbur82frn64de7balymq9s` (`category_id`),
  CONSTRAINT `FK1mtsbur82frn64de7balymq9s` FOREIGN KEY (`category_id`) REFERENCES `category` (`id`)
) ENGINE=InnoDB AUTO_INCREMENT=2 DEFAULT CHARSET=utf8mb4 COLLATE=utf8mb4_general_ci;
/*!40101 SET character_set_client = @saved_cs_client */;

--
-- Dumping data for table `product`
--

LOCK TABLES `product` WRITE;
/*!40000 ALTER TABLE `product` DISABLE KEYS */;
INSERT INTO `product` VALUES (1,'freeship khi mua từ 5kg','Xoài tượng',21000,60,3);
/*!40000 ALTER TABLE `product` ENABLE KEYS */;
UNLOCK TABLES;

--
-- Table structure for table `product_image`
--

DROP TABLE IF EXISTS `product_image`;
/*!40101 SET @saved_cs_client     = @@character_set_client */;
/*!50503 SET character_set_client = utf8mb4 */;
CREATE TABLE `product_image` (
  `product_id` bigint(20) NOT NULL,
  `image_id` bigint(20) NOT NULL,
  PRIMARY KEY (`product_id`,`image_id`),
  KEY `FKbhddxsl8axd5io2wgkcoealn5` (`image_id`),
  CONSTRAINT `FK6oo0cvcdtb6qmwsga468uuukk` FOREIGN KEY (`product_id`) REFERENCES `product` (`id`),
  CONSTRAINT `FKbhddxsl8axd5io2wgkcoealn5` FOREIGN KEY (`image_id`) REFERENCES `image` (`id`)
) ENGINE=InnoDB DEFAULT CHARSET=utf8mb4 COLLATE=utf8mb4_general_ci;
/*!40101 SET character_set_client = @saved_cs_client */;

--
-- Dumping data for table `product_image`
--

LOCK TABLES `product_image` WRITE;
/*!40000 ALTER TABLE `product_image` DISABLE KEYS */;
INSERT INTO `product_image` VALUES (1,1);
/*!40000 ALTER TABLE `product_image` ENABLE KEYS */;
UNLOCK TABLES;

--
-- Table structure for table `role`
--

DROP TABLE IF EXISTS `role`;
/*!40101 SET @saved_cs_client     = @@character_set_client */;
/*!50503 SET character_set_client = utf8mb4 */;
CREATE TABLE `role` (
  `id` bigint(20) NOT NULL AUTO_INCREMENT,
  `name` varchar(20) DEFAULT NULL,
  PRIMARY KEY (`id`)
) ENGINE=InnoDB AUTO_INCREMENT=4 DEFAULT CHARSET=utf8mb4 COLLATE=utf8mb4_general_ci;
/*!40101 SET character_set_client = @saved_cs_client */;

--
-- Dumping data for table `role`
--

LOCK TABLES `role` WRITE;
/*!40000 ALTER TABLE `role` DISABLE KEYS */;
INSERT INTO `role` VALUES (1,'ROLE_ADMIN'),(2,'ROLE_MODERATOR'),(3,'ROLE_USER');
/*!40000 ALTER TABLE `role` ENABLE KEYS */;
UNLOCK TABLES;

--
-- Table structure for table `user`
--

DROP TABLE IF EXISTS `user`;
/*!40101 SET @saved_cs_client     = @@character_set_client */;
/*!50503 SET character_set_client = utf8mb4 */;
CREATE TABLE `user` (
  `id` bigint(20) NOT NULL AUTO_INCREMENT,
  `address` varchar(255) DEFAULT NULL,
  `districts` varchar(255) DEFAULT NULL,
  `email` varchar(255) DEFAULT NULL,
  `enabled` bit(1) NOT NULL,
  `firstname` varchar(255) DEFAULT NULL,
  `lastname` varchar(255) DEFAULT NULL,
  `password` varchar(255) DEFAULT NULL,
  `phone` varchar(255) DEFAULT NULL,
  `province` varchar(255) DEFAULT NULL,
  `username` varchar(255) DEFAULT NULL,
  `verification_code` varchar(64) DEFAULT NULL,
  PRIMARY KEY (`id`),
  UNIQUE KEY `UK_ob8kqyqqgmefl0aco34akdtpe` (`email`),
  UNIQUE KEY `UK_sb8bbouer5wak8vyiiy4pf2bx` (`username`)
) ENGINE=InnoDB AUTO_INCREMENT=5 DEFAULT CHARSET=utf8mb4 COLLATE=utf8mb4_general_ci;
/*!40101 SET character_set_client = @saved_cs_client */;

--
-- Dumping data for table `user`
--

LOCK TABLES `user` WRITE;
/*!40000 ALTER TABLE `user` DISABLE KEYS */;
INSERT INTO `user` VALUES (1,'Ha Noi',NULL,'admin123@gmail.com',_binary '\0','Huy','Hoang','$2a$10$eaywfhIHxT8M0jWZKhVKKucW6foBKFAK/byXFFcoK.s53SZhRrJOi','91098293',NULL,'admin',NULL),(3,NULL,NULL,'vini.vn@gmail.com',_binary '\0',NULL,NULL,'$2a$10$wY5lujNxUAmKj20urokwzOBHpnJTOEZBmvu.JP7dk3lpRDUzvIZLe',NULL,NULL,'viniJr',NULL),(4,NULL,NULL,'mailyhai@gmail.com',_binary '\0',NULL,NULL,'$2a$10$aNMeHMTRV2yEr4cQSymq0.wdv0Ni.LI6ZE7SmpdzoVZf4XgfIIVX2',NULL,NULL,'hai2003',NULL);
/*!40000 ALTER TABLE `user` ENABLE KEYS */;
UNLOCK TABLES;

--
-- Table structure for table `user_roles`
--

DROP TABLE IF EXISTS `user_roles`;
/*!40101 SET @saved_cs_client     = @@character_set_client */;
/*!50503 SET character_set_client = utf8mb4 */;
CREATE TABLE `user_roles` (
  `user_id` bigint(20) NOT NULL,
  `role_id` bigint(20) NOT NULL,
  PRIMARY KEY (`user_id`,`role_id`),
  KEY `FKrhfovtciq1l558cw6udg0h0d3` (`role_id`),
  CONSTRAINT `FK55itppkw3i07do3h7qoclqd4k` FOREIGN KEY (`user_id`) REFERENCES `user` (`id`),
  CONSTRAINT `FKrhfovtciq1l558cw6udg0h0d3` FOREIGN KEY (`role_id`) REFERENCES `role` (`id`)
) ENGINE=InnoDB DEFAULT CHARSET=utf8mb4 COLLATE=utf8mb4_general_ci;
/*!40101 SET character_set_client = @saved_cs_client */;

--
-- Dumping data for table `user_roles`
--

LOCK TABLES `user_roles` WRITE;
/*!40000 ALTER TABLE `user_roles` DISABLE KEYS */;
INSERT INTO `user_roles` VALUES (1,1),(1,2),(1,3),(3,3),(4,3);
/*!40000 ALTER TABLE `user_roles` ENABLE KEYS */;
UNLOCK TABLES;

--
-- Dumping events for database 'kiwidb'
--

--
-- Dumping routines for database 'kiwidb'
--
/*!40103 SET TIME_ZONE=@OLD_TIME_ZONE */;

/*!40101 SET SQL_MODE=@OLD_SQL_MODE */;
/*!40014 SET FOREIGN_KEY_CHECKS=@OLD_FOREIGN_KEY_CHECKS */;
/*!40014 SET UNIQUE_CHECKS=@OLD_UNIQUE_CHECKS */;
/*!40101 SET CHARACTER_SET_CLIENT=@OLD_CHARACTER_SET_CLIENT */;
/*!40101 SET CHARACTER_SET_RESULTS=@OLD_CHARACTER_SET_RESULTS */;
/*!40101 SET COLLATION_CONNECTION=@OLD_COLLATION_CONNECTION */;
/*!40111 SET SQL_NOTES=@OLD_SQL_NOTES */;

-- Dump completed on 2023-11-02 12:30:44
